txn_id,account_id,txn_date,amount,txn_type,channel,description,source
TXN00001,ACC1016,2024-02-22,3872.04,CREDIT,ATM,Payment 1,external
TXN00002,ACC1005,2024-01-12,3489.87,DEBIT,ATM,Payment 2,external
TXN00003,ACC1017,2024-04-04,3808.09,DEBIT,ACH,Payment 3,external
TXN00004,ACC1012,2024-02-14,2257.43,CREDIT,ATM,Payment 4,external
TXN00005,ACC1010,2024-04-08,3222.89,DEBIT,CARD,Payment 5,external
TXN00006,ACC1002,2024-03-07,1143.92,DEBIT,ACH,Payment 6,external
TXN00007,ACC1006,2024-03-16,4139.88,CREDIT,CHECK,Payment 7,external
TXN00008,ACC1001,2024-04-26,1779.08,CREDIT,ATM,Payment 8,external
TXN00010,ACC1013,2024-01-19,228.58,DEBIT,CHECK,Payment 10,external
TXN00011,ACC1009,2024-04-26,3739.79,CREDIT,WIRE,Payment 11,external
TXN00012,ACC1001,2024-02-26,1858.59,DEBIT,ACH,Payment 12,external
TXN00013,ACC1017,2024-02-27,658.31,CREDIT,WIRE,Payment 13,external
TXN00014,ACC1023,2024-02-22,3352.37,CREDIT,ATM,Payment 14,external
TXN00015,ACC1002,2024-02-07,3504.32,DEBIT,ATM,Payment 15,external
TXN00016,ACC1021,2024-02-16,4025.77,DEBIT,WIRE,Payment 16,external
TXN00017,ACC1015,2024-01-17,3415.65,DEBIT,ACH,Payment 17,external
TXN00018,ACC1019,2024-04-04,46.74,DEBIT,CHECK,Payment 18,external
TXN00019,ACC1006,2024-04-03,3528.78,DEBIT,CARD,Payment 19,external
TXN00021,ACC1016,2024-02-26,3345.33,DEBIT,CARD,Payment 21,external
TXN00022,ACC1014,2024-03-17,3827.34,DEBIT,CARD,Payment 22,external
TXN00023,ACC1019,2024-02-06,2800.44,DEBIT,ACH,Payment 23,external
TXN00024,ACC1024,2024-01-26,2189.22,CREDIT,CARD,Payment 24,external
TXN00025,ACC1000,2024-01-29,4268.48,DEBIT,ACH,Payment 25,external
TXN00026,ACC1022,2024-02-05,1414.11,CREDIT,CHECK,Payment 26,external
TXN00027,ACC1012,2024-04-04,2789.59,DEBIT,CHECK,Payment 27,external
TXN00028,ACC1010,2024-04-07,2040.02,CREDIT,ACH,Payment 28,external
TXN00029,ACC1002,2024-01-11,123.33,DEBIT,CHECK,Payment 29,external
TXN00030,ACC1017,2024-01-20,2314.77,DEBIT,CARD,Payment 30,external
TXN00031,ACC1012,2024-03-24,770.04,CREDIT,CARD,Payment 31,external
TXN00032,ACC1005,2024-02-06,1911.3,DEBIT,CHECK,Payment 32,external
TXN00033,ACC1023,2024-01-11,1815.44,CREDIT,ACH,Payment 33,external
TXN00034,ACC1009,2024-04-19,4809.87,CREDIT,CHECK,Payment 34,external
TXN00035,ACC1019,2024-04-26,1336.69,CREDIT,CHECK,Payment 35,external
TXN00036,ACC1019,2024-02-23,3587.28,DEBIT,WIRE,Payment 36,external
TXN00037,ACC1011,2024-04-18,490.99,CREDIT,CARD,Payment 37,external
TXN00038,ACC1018,2024-02-06,1019.79,DEBIT,CARD,Payment 38,external
TXN00039,ACC1011,2024-04-12,892.1,CREDIT,CHECK,Payment 39,external
TXN00040,ACC1016,2024-02-21,3600.12,CREDIT,CHECK,Payment 40,external
TXN00041,ACC1002,2024-03-18,2924.65,DEBIT,ACH,Payment 41,external
TXN00042,ACC1019,2024-01-05,2084.88,CREDIT,CARD,Payment 42,external
TXN00043,ACC1016,2024-01-18,1656.01,DEBIT,ACH,Payment 43,external
TXN00044,ACC1019,2024-01-21,2942.35,CREDIT,ATM,Payment 44,external
TXN00045,ACC1011,2024-02-11,2909.5,DEBIT,CARD,Payment 45,external
TXN00046,ACC1003,2024-04-25,123.79,CREDIT,CARD,Payment 46,external
TXN00047,ACC1001,2024-01-10,3915.85,CREDIT,CARD,Payment 47,external
TXN00049,ACC1020,2024-02-02,2372.71,DEBIT,WIRE,Payment 49,external
TXN00050,ACC1021,2024-02-22,2608.16,CREDIT,ACH,Payment 50,external
TXN00051,ACC1000,2024-04-17,4133.2,DEBIT,ACH,Payment 51,external
TXN00052,ACC1007,2024-01-14,2751.32,DEBIT,CHECK,Payment 52,external
TXN00053,ACC1006,2024-03-20,1413.36,DEBIT,CHECK,Payment 53,external
TXN00054,ACC1008,2024-01-13,3845.55,DEBIT,ATM,Payment 54,external
TXN00055,ACC1005,2024-01-05,1158.77,CREDIT,CARD,Payment 55,external
TXN00056,ACC1007,2024-04-09,1860.9,CREDIT,ATM,Payment 56,external
TXN00057,ACC1005,2024-04-24,1592.52,DEBIT,WIRE,Payment 57,external
TXN00058,ACC1022,2024-01-31,2580.14,DEBIT,ATM,Payment 58,external
TXN00059,ACC1013,2024-01-06,831.39,CREDIT,CARD,Payment 59,external
TXN00060,ACC1003,2024-04-17,4961.95,CREDIT,CHECK,Payment 60,external
TXN00062,ACC1000,2024-04-02,1586.49,CREDIT,CHECK,Payment 62,external
TXN00063,ACC1022,2024-01-12,1874.55,DEBIT,CHECK,Payment 63,external
TXN00064,ACC1000,2024-04-22,1319.68,DEBIT,WIRE,Payment 64,external
TXN00065,ACC1001,2024-04-09,622.56,DEBIT,ACH,Payment 65,external
TXN00066,ACC1009,2024-03-12,904.55,DEBIT,ATM,Payment 66,external
TXN00067,ACC1007,2024-02-07,990.21,DEBIT,CHECK,Payment 67,external
TXN00068,ACC1012,2024-03-01,4859.41,CREDIT,ACH,Payment 68,external
TXN00069,ACC1004,2024-01-28,79.54,CREDIT,ACH,Payment 69,external
TXN00070,ACC1024,2024-01-15,3391.52,CREDIT,CARD,Payment 70,external
TXN00071,ACC1019,2024-03-10,3474.37,CREDIT,ACH,Payment 71,external
TXN00072,ACC1000,2024-03-26,4022.58,CREDIT,CHECK,Payment 72,external
TXN00073,ACC1010,2024-01-15,663.98,DEBIT,ATM,Payment 73,external
TXN00075,ACC1007,2024-04-24,3317.69,DEBIT,WIRE,Payment 75,external
TXN00076,ACC1012,2024-01-03,4624.79,DEBIT,CARD,Payment 76,external
TXN00077,ACC1021,2024-01-13,3173.54,DEBIT,ACH,Payment 77,external
TXN00078,ACC1000,2024-04-25,2101.38,CREDIT,CARD,Payment 78,external
TXN00079,ACC1018,2024-04-06,4665.79,CREDIT,CARD,Payment 79,external
TXN00080,ACC1021,2024-01-03,3925.97,DEBIT,ACH,Payment 80,external
TXN00081,ACC1006,2024-04-05,4148.85,CREDIT,WIRE,Payment 81,external
TXN00083,ACC1007,2024-02-19,3019.5,CREDIT,WIRE,Payment 83,external
TXN00084,ACC1002,2024-03-19,2135.15,DEBIT,ATM,Payment 84,external
TXN00086,ACC1021,2024-04-07,3732.61,DEBIT,ACH,Payment 86,external
TXN00087,ACC1011,2024-03-12,342.13,CREDIT,ACH,Payment 87,external
TXN00088,ACC1007,2024-02-07,4125.07,DEBIT,ACH,Payment 88,external
TXN00089,ACC1014,2024-01-20,4605.64,CREDIT,WIRE,Payment 89,external
TXN00090,ACC1011,2024-01-14,776.53,DEBIT,ACH,Payment 90,external
TXN00091,ACC1004,2024-01-21,286.42,DEBIT,ACH,Payment 91,external
TXN00092,ACC1012,2024-03-22,2959.81,DEBIT,WIRE,Payment 92,external
TXN00093,ACC1024,2024-03-01,1596.78,DEBIT,ATM,Payment 93,external
TXN00094,ACC1013,2024-01-06,4257.15,CREDIT,ACH,Payment 94,external
TXN00095,ACC1005,2024-01-30,1191.36,DEBIT,CARD,Payment 95,external
TXN00096,ACC1007,2024-01-06,2087.15,CREDIT,WIRE,Payment 96,external
TXN00097,ACC1022,2024-01-13,2623.53,CREDIT,ATM,Payment 97,external
TXN00098,ACC1010,2024-04-20,269.29,DEBIT,ACH,Payment 98,external
TXN00099,ACC1020,2024-04-18,4219.44,CREDIT,ATM,Payment 99,external
TXN00100,ACC1014,2024-04-03,4012.11,DEBIT,CHECK,Payment 100,external
TXN00101,ACC1018,2024-01-17,3897.19,DEBIT,CARD,Payment 101,external
TXN00102,ACC1024,2024-04-12,2575.97,DEBIT,CARD,Payment 102,external
TXN00103,ACC1017,2024-03-17,1931.6,CREDIT,WIRE,Payment 103,external
TXN00104,ACC1010,2024-02-27,707.44,CREDIT,CARD,Payment 104,external
TXN00105,ACC1008,2024-02-14,1170.52,DEBIT,WIRE,Payment 105,external
TXN00106,ACC1010,2024-02-15,1644.2,CREDIT,CHECK,Payment 106,external
TXN00107,ACC1019,2024-04-23,1491.41,DEBIT,ATM,Payment 107,external
TXN00108,ACC1019,2024-02-09,2409.74,CREDIT,CARD,Payment 108,external
TXN00109,ACC1012,2024-03-19,4247.85,CREDIT,ATM,Payment 109,external
TXN00110,ACC1019,2024-03-16,2668.28,CREDIT,WIRE,Payment 110,external
TXN00111,ACC1000,2024-01-25,3677.12,DEBIT,CHECK,Payment 111,external
TXN00113,ACC1015,2024-03-28,484.53,DEBIT,ACH,Payment 113,external
TXN00114,ACC1018,2024-01-17,4680.34,DEBIT,ATM,Payment 114,external
TXN00115,ACC1010,2024-03-12,4006.41,CREDIT,CHECK,Payment 115,external
TXN00116,ACC1023,2024-04-23,3977.62,CREDIT,WIRE,Payment 116,external
TXN00117,ACC1001,2024-01-12,2954.48,DEBIT,CHECK,Payment 117,external
TXN00119,ACC1016,2024-03-03,2335.27,DEBIT,CHECK,Payment 119,external
TXN00120,ACC1012,2024-02-29,3998.23,CREDIT,CARD,Payment 120,external
TXN00121,ACC1021,2024-01-15,4656.87,DEBIT,ACH,Payment 121,external
TXN00122,ACC1012,2024-03-19,453.02,DEBIT,CARD,Payment 122,external
TXN00123,ACC1005,2024-03-21,3873.86,DEBIT,WIRE,Payment 123,external
TXN00124,ACC1020,2024-04-01,4492.85,DEBIT,WIRE,Payment 124,external
TXN00125,ACC1013,2024-02-07,1827.32,CREDIT,ACH,Payment 125,external
TXN00126,ACC1002,2024-04-22,747.44,DEBIT,CARD,Payment 126,external
TXN00127,ACC1003,2024-03-28,1922.77,CREDIT,CARD,Payment 127,external
TXN00128,ACC1009,2024-04-03,4681.34,DEBIT,CARD,Payment 128,external
TXN00129,ACC1016,2024-04-28,1888.03,CREDIT,CHECK,Payment 129,external
TXN00130,ACC1010,2024-01-15,4756.46,CREDIT,ATM,Payment 130,external
TXN00131,ACC1003,2024-01-15,3189.0,CREDIT,CARD,Payment 131,external
TXN00132,ACC1013,2024-01-02,3433.62,CREDIT,CARD,Payment 132,external
TXN00133,ACC1010,2024-02-05,4128.74,DEBIT,CARD,Payment 133,external
TXN00134,ACC1000,2024-02-06,2217.15,DEBIT,ATM,Payment 134,external
TXN00135,ACC1013,2024-01-14,3908.66,CREDIT,ATM,Payment 135,external
TXN00137,ACC1016,2024-04-29,541.03,CREDIT,CHECK,Payment 137,external
TXN00138,ACC1015,2024-01-11,3273.37,DEBIT,ATM,Payment 138,external
TXN00139,ACC1006,2024-01-29,154.71,CREDIT,ACH,Payment 139,external
TXN00140,ACC1020,2024-01-24,3886.07,CREDIT,ATM,Payment 140,external
TXN00141,ACC1022,2024-01-05,3284.78,CREDIT,ACH,Payment 141,external
TXN00142,ACC1020,2024-03-13,267.77,DEBIT,ATM,Payment 142,external
TXN00143,ACC1007,2024-04-11,1200.38,CREDIT,ACH,Payment 143,external
TXN00144,ACC1024,2024-04-21,4006.81,CREDIT,CHECK,Payment 144,external
TXN00145,ACC1020,2024-04-10,3490.75,CREDIT,ACH,Payment 145,external
TXN00146,ACC1002,2024-01-15,1016.89,DEBIT,CARD,Payment 146,external
TXN00147,ACC1013,2024-03-16,3728.49,CREDIT,ATM,Payment 147,external
TXN00148,ACC1020,2024-03-29,784.51,CREDIT,ACH,Payment 148,external
TXN00149,ACC1002,2024-03-26,1361.09,DEBIT,ATM,Payment 149,external
TXN00150,ACC1012,2024-01-07,3061.6,CREDIT,CHECK,Payment 150,external
TXN00151,ACC1005,2024-04-16,221.33,CREDIT,CHECK,Payment 151,external
TXN00152,ACC1009,2024-01-12,873.91,DEBIT,ACH,Payment 152,external
TXN00153,ACC1014,2024-02-25,4900.34,DEBIT,CHECK,Payment 153,external
TXN00154,ACC1021,2024-03-09,3185.68,CREDIT,ACH,Payment 154,external
TXN00155,ACC1013,2024-02-06,4730.66,CREDIT,CARD,Payment 155,external
TXN00156,ACC1006,2024-03-18,3501.88,CREDIT,ATM,Payment 156,external
TXN00157,ACC1011,2024-03-02,750.71,DEBIT,CARD,Payment 157,external
TXN00158,ACC1003,2024-01-15,2376.1,DEBIT,ACH,Payment 158,external
TXN00159,ACC1002,2024-02-06,1397.6,DEBIT,CARD,Payment 159,external
TXN00160,ACC1010,2024-03-17,3058.83,DEBIT,CARD,Payment 160,external
TXN00161,ACC1021,2024-01-27,2049.83,DEBIT,CARD,Payment 161,external
TXN00162,ACC1023,2024-01-05,1592.03,CREDIT,CARD,Payment 162,external
TXN00163,ACC1003,2024-01-28,2375.92,CREDIT,CARD,Payment 163,external
TXN00164,ACC1014,2024-03-25,2855.76,DEBIT,CHECK,Payment 164,external
TXN00165,ACC1015,2024-02-07,3265.64,CREDIT,CHECK,Payment 165,external
TXN00166,ACC1004,2024-02-21,2750.23,DEBIT,CHECK,Payment 166,external
TXN00167,ACC1024,2024-03-02,1809.68,DEBIT,CHECK,Payment 167,external
TXN00168,ACC1003,2024-04-20,4433.15,DEBIT,CARD,Payment 168,external
TXN00169,ACC1006,2024-04-05,2606.17,CREDIT,WIRE,Payment 169,external
TXN00170,ACC1009,2024-02-29,4188.54,CREDIT,ACH,Payment 170,external
TXN00171,ACC1021,2024-04-11,369.58,DEBIT,ACH,Payment 171,external
TXN00172,ACC1014,2024-02-10,1410.25,CREDIT,ACH,Payment 172,external
TXN00173,ACC1001,2024-03-30,1576.33,DEBIT,ACH,Payment 173,external
TXN00174,ACC1017,2024-04-12,4137.6,CREDIT,WIRE,Payment 174,external
TXN00175,ACC1005,2024-03-13,776.53,DEBIT,ACH,Payment 175,external
TXN00177,ACC1010,2024-02-07,3862.8,DEBIT,CHECK,Payment 177,external
TXN00178,ACC1018,2024-02-16,3529.98,DEBIT,CHECK,Payment 178,external
TXN00179,ACC1016,2024-01-26,63.53,DEBIT,CARD,Payment 179,external
TXN00180,ACC1017,2024-01-20,827.12,CREDIT,ATM,Payment 180,external
TXN00181,ACC1023,2024-03-07,4927.49,CREDIT,ATM,Payment 181,external
TXN00182,ACC1016,2024-01-17,4951.71,DEBIT,CARD,Payment 182,external
TXN00183,ACC1008,2024-01-10,1968.94,DEBIT,CHECK,Payment 183,external
TXN00184,ACC1011,2024-02-26,2174.56,DEBIT,ACH,Payment 184,external
TXN00185,ACC1006,2024-04-18,912.82,DEBIT,ACH,Payment 185,external
TXN00186,ACC1004,2024-02-05,1171.93,CREDIT,CARD,Payment 186,external
TXN00187,ACC1018,2024-02-29,2936.36,CREDIT,ACH,Payment 187,external
TXN00188,ACC1021,2024-04-11,1225.9,DEBIT,CHECK,Payment 188,external
TXN00189,ACC1010,2024-03-21,3249.25,DEBIT,CHECK,Payment 189,external
TXN00190,ACC1018,2024-02-13,299.96,DEBIT,CARD,Payment 190,external
TXN00191,ACC1023,2024-04-11,1698.9,CREDIT,CARD,Payment 191,external
TXN00192,ACC1017,2024-04-12,3845.45,CREDIT,CARD,Payment 192,external
TXN00193,ACC1007,2024-03-11,4548.67,CREDIT,ATM,Payment 193,external
TXN00194,ACC1014,2024-02-29,1709.55,DEBIT,CARD,Payment 194,external
TXN00195,ACC1000,2024-02-17,533.85,DEBIT,ATM,Payment 195,external
TXN00196,ACC1009,2024-01-22,3157.85,CREDIT,WIRE,Payment 196,external
TXN00197,ACC1006,2024-01-03,966.1,DEBIT,ATM,Payment 197,external
TXN00198,ACC1010,2024-02-06,2246.55,CREDIT,CARD,Payment 198,external
TXN00199,ACC1010,2024-02-03,46.5,CREDIT,CHECK,Payment 199,external
TXN00200,ACC1017,2024-04-27,3172.51,DEBIT,CHECK,Payment 200,external
TXN00201,ACC1024,2024-04-01,2392.75,DEBIT,ATM,Payment 201,external
TXN00202,ACC1007,2024-04-25,3606.27,DEBIT,CHECK,Payment 202,external
TXN00203,ACC1001,2024-01-14,4335.34,DEBIT,CHECK,Payment 203,external
TXN00204,ACC1016,2024-03-07,2206.04,DEBIT,CHECK,Payment 204,external
TXN00205,ACC1002,2024-04-28,4849.38,CREDIT,WIRE,Payment 205,external
TXN00206,ACC1024,2024-03-30,3671.43,DEBIT,WIRE,Payment 206,external
TXN00207,ACC1007,2024-01-05,628.11,DEBIT,CHECK,Payment 207,external
TXN00208,ACC1021,2024-04-28,2453.6,DEBIT,CARD,Payment 208,external
TXN00209,ACC1006,2024-02-19,4889.81,CREDIT,CHECK,Payment 209,external
TXN00210,ACC1005,2024-03-07,433.25,DEBIT,ATM,Payment 210,external
TXN00211,ACC1011,2024-04-08,4624.26,CREDIT,ACH,Payment 211,external
TXN00212,ACC1023,2024-01-06,1871.96,CREDIT,ACH,Payment 212,external
TXN00213,ACC1019,2024-03-26,3379.78,DEBIT,CHECK,Payment 213,external
TXN00214,ACC1018,2024-03-29,4328.63,CREDIT,ATM,Payment 214,external
TXN00215,ACC1022,2024-01-29,254.33,CREDIT,CHECK,Payment 215,external
TXN00216,ACC1011,2024-01-01,4292.05,DEBIT,CARD,Payment 216,external
TXN00217,ACC1013,2024-01-04,3372.21,DEBIT,CARD,Payment 217,external
TXN00218,ACC1015,2024-03-21,4479.22,CREDIT,WIRE,Payment 218,external
TXN00219,ACC1013,2024-02-11,4265.38,DEBIT,ATM,Payment 219,external
TXN00220,ACC1017,2024-03-11,1501.73,CREDIT,WIRE,Payment 220,external
TXN00221,ACC1013,2024-04-16,1381.38,DEBIT,ACH,Payment 221,external
TXN00222,ACC1016,2024-02-11,433.21,CREDIT,CHECK,Payment 222,external
TXN00223,ACC1013,2024-04-29,4039.08,DEBIT,WIRE,Payment 223,external
TXN00224,ACC1013,2024-01-17,2045.63,CREDIT,CARD,Payment 224,external
TXN00226,ACC1012,2024-04-19,1967.92,CREDIT,CARD,Payment 226,external
TXN00227,ACC1002,2024-02-13,680.49,CREDIT,ACH,Payment 227,external
TXN00228,ACC1013,2024-01-03,1017.88,CREDIT,CARD,Payment 228,external
TXN00229,ACC1022,2024-02-11,3176.36,CREDIT,CARD,Payment 229,external
TXN00230,ACC1024,2024-03-31,4796.45,DEBIT,CARD,Payment 230,external
TXN00231,ACC1008,2024-04-17,1429.86,CREDIT,WIRE,Payment 231,external
TXN00232,ACC1022,2024-04-19,1633.46,CREDIT,CARD,Payment 232,external
TXN00233,ACC1005,2024-03-11,3714.17,DEBIT,CHECK,Payment 233,external
TXN00234,ACC1021,2024-01-29,1503.92,CREDIT,WIRE,Payment 234,external
TXN00235,ACC1008,2024-04-14,785.65,CREDIT,WIRE,Payment 235,external
TXN00236,ACC1006,2024-04-05,2811.83,DEBIT,CHECK,Payment 236,external
TXN00237,ACC1021,2024-02-27,2197.55,DEBIT,ATM,Payment 237,external
TXN00238,ACC1006,2024-04-07,3376.24,DEBIT,ATM,Payment 238,external
TXN00239,ACC1011,2024-01-23,3924.1,CREDIT,CARD,Payment 239,external
TXN00240,ACC1010,2024-03-19,518.45,CREDIT,ATM,Payment 240,external
TXN00241,ACC1023,2024-02-21,2568.53,CREDIT,ACH,Payment 241,external
TXN00242,ACC1018,2024-01-13,4799.27,CREDIT,ACH,Payment 242,external
TXN00244,ACC1019,2024-02-07,2585.28,CREDIT,ACH,Payment 244,external
TXN00245,ACC1015,2024-02-16,566.89,DEBIT,ACH,Payment 245,external
TXN00246,ACC1011,2024-01-25,3493.97,DEBIT,WIRE,Payment 246,external
TXN00247,ACC1005,2024-02-19,1976.69,CREDIT,ACH,Payment 247,external
TXN00248,ACC1010,2024-04-13,569.23,CREDIT,ACH,Payment 248,external
TXN00249,ACC1006,2024-02-28,2545.76,CREDIT,WIRE,Payment 249,external
TXN00250,ACC1013,2024-04-03,2162.32,CREDIT,ATM,Payment 250,external
TXN00251,ACC1005,2024-02-08,1309.14,DEBIT,WIRE,Payment 251,external
TXN00252,ACC1021,2024-03-22,2404.52,CREDIT,WIRE,Payment 252,external
TXN00253,ACC1006,2024-04-21,1660.37,CREDIT,ACH,Payment 253,external
TXN00254,ACC1021,2024-03-26,2309.24,CREDIT,ACH,Payment 254,external
TXN00255,ACC1007,2024-01-17,246.4,CREDIT,ATM,Payment 255,external
TXN00257,ACC1017,2024-03-15,562.04,CREDIT,WIRE,Payment 257,external
TXN00258,ACC1005,2024-03-11,2850.37,DEBIT,ATM,Payment 258,external
TXN00259,ACC1007,2024-04-12,33.66,DEBIT,CHECK,Payment 259,external
TXN00260,ACC1022,2024-04-02,822.09,DEBIT,ATM,Payment 260,external
TXN00261,ACC1006,2024-04-20,1278.77,DEBIT,CARD,Payment 261,external
TXN00262,ACC1022,2024-04-28,3021.09,CREDIT,WIRE,Payment 262,external
TXN00263,ACC1003,2024-02-08,4067.67,DEBIT,CHECK,Payment 263,external
TXN00264,ACC1007,2024-01-26,3007.66,DEBIT,CARD,Payment 264,external
TXN00265,ACC1020,2024-01-10,1595.0,DEBIT,ACH,Payment 265,external
TXN00266,ACC1009,2024-01-03,1738.93,DEBIT,ACH,Payment 266,external
TXN00267,ACC1021,2024-03-25,3628.66,CREDIT,CHECK,Payment 267,external
TXN00268,ACC1003,2024-04-16,1592.59,CREDIT,CARD,Payment 268,external
TXN00269,ACC1019,2024-01-18,638.87,DEBIT,CHECK,Payment 269,external
TXN00270,ACC1019,2024-03-01,872.99,CREDIT,ATM,Payment 270,external
TXN00271,ACC1023,2024-01-02,30.0,DEBIT,ATM,Payment 271,external
TXN00272,ACC1009,2024-01-16,2927.35,DEBIT,ATM,Payment 272,external
TXN00273,ACC1010,2024-03-05,4403.1,CREDIT,CHECK,Payment 273,external
TXN00274,ACC1018,2024-01-07,1373.2,CREDIT,CARD,Payment 274,external
TXN00275,ACC1008,2024-03-20,1480.83,DEBIT,ATM,Payment 275,external
TXN00276,ACC1001,2024-03-12,100.62,CREDIT,WIRE,Payment 276,external
TXN00277,ACC1020,2024-01-31,4370.7,DEBIT,CHECK,Payment 277,external
TXN00278,ACC1013,2024-02-17,2772.17,DEBIT,CHECK,Payment 278,external
TXN00279,ACC1019,2024-03-09,3631.59,CREDIT,CHECK,Payment 279,external
TXN00280,ACC1003,2024-02-20,4917.25,DEBIT,CARD,Payment 280,external
TXN00281,ACC1000,2024-04-05,72.22,CREDIT,CARD,Payment 281,external
TXN00282,ACC1023,2024-01-12,2045.73,DEBIT,ATM,Payment 282,external
TXN00283,ACC1004,2024-03-22,1981.09,CREDIT,ACH,Payment 283,external
TXN00284,ACC1006,2024-01-22,4808.13,DEBIT,ACH,Payment 284,external
TXN00285,ACC1024,2024-04-19,4296.32,CREDIT,WIRE,Payment 285,external
TXN00286,ACC1021,2024-03-29,2354.31,DEBIT,ATM,Payment 286,external
TXN00287,ACC1010,2024-03-03,1901.47,CREDIT,CHECK,Payment 287,external
TXN00288,ACC1013,2024-04-03,3658.37,DEBIT,CARD,Payment 288,external
TXN00289,ACC1019,2024-04-18,551.09,DEBIT,ATM,Payment 289,external
TXN00291,ACC1011,2024-01-03,3720.57,CREDIT,ATM,Payment 291,external
TXN00292,ACC1020,2024-03-27,1912.74,DEBIT,ATM,Payment 292,external
TXN00293,ACC1015,2024-02-08,1979.2,CREDIT,CHECK,Payment 293,external
TXN00294,ACC1009,2024-02-19,2909.14,CREDIT,CHECK,Payment 294,external
TXN00295,ACC1012,2024-02-26,4677.55,CREDIT,ACH,Payment 295,external
TXN00296,ACC1009,2024-02-17,1892.26,DEBIT,ACH,Payment 296,external
TXN00297,ACC1007,2024-03-23,822.73,CREDIT,WIRE,Payment 297,external
TXN00298,ACC1018,2024-01-30,4774.94,CREDIT,ACH,Payment 298,external
TXN00299,ACC1014,2024-04-15,3769.99,CREDIT,WIRE,Payment 299,external
TXN00300,ACC1024,2024-01-23,1018.42,CREDIT,CARD,Payment 300,external
TXN00301,ACC1011,2024-02-01,2347.4,CREDIT,ACH,Payment 301,external
TXN00303,ACC1022,2024-01-14,2482.58,CREDIT,WIRE,Payment 303,external
TXN00304,ACC1007,2024-04-01,1480.92,CREDIT,ATM,Payment 304,external
TXN00305,ACC1002,2024-04-28,4509.19,DEBIT,ATM,Payment 305,external
TXN00306,ACC1014,2024-01-09,4765.47,CREDIT,ACH,Payment 306,external
TXN00307,ACC1005,2024-03-07,1529.29,CREDIT,ACH,Payment 307,external
TXN00308,ACC1018,2024-03-15,4230.53,CREDIT,CARD,Payment 308,external
TXN00309,ACC1002,2024-01-31,834.9,CREDIT,ACH,Payment 309,external
TXN00310,ACC1009,2024-03-11,4261.15,DEBIT,CHECK,Payment 310,external
TXN00311,ACC1021,2024-02-14,1487.2,DEBIT,CARD,Payment 311,external
TXN00312,ACC1000,2024-04-02,3802.47,CREDIT,WIRE,Payment 312,external
TXN00313,ACC1010,2024-01-15,4708.28,CREDIT,ATM,Payment 313,external
TXN00314,ACC1009,2024-02-01,510.97,CREDIT,ATM,Payment 314,external
TXN00315,ACC1016,2024-02-19,905.67,CREDIT,CARD,Payment 315,external
TXN00316,ACC1021,2024-03-26,1233.84,CREDIT,ATM,Payment 316,external
TXN00317,ACC1018,2024-02-10,4374.13,DEBIT,CARD,Payment 317,external
TXN00318,ACC1008,2024-01-30,1249.55,CREDIT,ACH,Payment 318,external
TXN00319,ACC1001,2024-04-16,4700.69,CREDIT,CHECK,Payment 319,external
TXN00320,ACC1007,2024-02-28,2593.13,CREDIT,CARD,Payment 320,external
TXN00321,ACC1020,2024-02-22,2687.47,CREDIT,ACH,Payment 321,external
TXN00322,ACC1004,2024-04-24,637.06,CREDIT,CARD,Payment 322,external
TXN00323,ACC1003,2024-01-20,4766.5,CREDIT,CARD,Payment 323,external
TXN00324,ACC1004,2024-01-31,1046.51,DEBIT,ACH,Payment 324,external
TXN00325,ACC1003,2024-04-20,603.58,CREDIT,WIRE,Payment 325,external
TXN00326,ACC1001,2024-02-25,3044.56,DEBIT,CARD,Payment 326,external
TXN00327,ACC1016,2024-01-23,2664.11,DEBIT,ATM,Payment 327,external
TXN00328,ACC1020,2024-03-29,4111.46,CREDIT,CARD,Payment 328,external
TXN00329,ACC1020,2024-04-20,772.86,DEBIT,WIRE,Payment 329,external
TXN00331,ACC1001,2024-03-31,3117.32,DEBIT,CHECK,Payment 331,external
TXN00332,ACC1005,2024-04-20,1067.65,DEBIT,CARD,Payment 332,external
TXN00333,ACC1018,2024-01-01,3198.68,DEBIT,ATM,Payment 333,external
TXN00334,ACC1021,2024-01-08,1411.67,CREDIT,CARD,Payment 334,external
TXN00335,ACC1010,2024-01-19,653.86,DEBIT,CHECK,Payment 335,external
TXN00336,ACC1003,2024-04-20,1970.71,DEBIT,WIRE,Payment 336,external
TXN00337,ACC1017,2024-02-25,3633.64,CREDIT,CHECK,Payment 337,external
TXN00338,ACC1001,2024-02-26,3002.48,DEBIT,ATM,Payment 338,external
TXN00339,ACC1013,2024-01-22,1705.28,CREDIT,CHECK,Payment 339,external
TXN00340,ACC1014,2024-01-05,4231.58,DEBIT,CARD,Payment 340,external
TXN00341,ACC1018,2024-03-30,4463.51,CREDIT,ATM,Payment 341,external
TXN00343,ACC1017,2024-02-13,4738.2,DEBIT,CHECK,Payment 343,external
TXN00344,ACC1022,2024-03-08,2021.67,CREDIT,CHECK,Payment 344,external
TXN00345,ACC1018,2024-04-18,2549.58,CREDIT,CARD,Payment 345,external
TXN00346,ACC1010,2024-02-11,3238.89,DEBIT,CARD,Payment 346,external
TXN00347,ACC1006,2024-01-16,2205.85,DEBIT,ACH,Payment 347,external
TXN00348,ACC1003,2024-03-19,3340.77,DEBIT,CHECK,Payment 348,external
TXN00349,ACC1022,2024-02-09,108.63,DEBIT,ACH,Payment 349,external
TXN00351,ACC1004,2024-01-16,3342.57,DEBIT,WIRE,Payment 351,external
TXN00352,ACC1007,2024-02-04,701.89,CREDIT,CHECK,Payment 352,external
TXN00353,ACC1018,2024-01-25,4552.53,DEBIT,CARD,Payment 353,external
TXN00354,ACC1019,2024-04-24,3509.94,DEBIT,CHECK,Payment 354,external
TXN00355,ACC1007,2024-03-16,1282.98,CREDIT,WIRE,Payment 355,external
TXN00356,ACC1012,2024-02-17,4880.88,CREDIT,CHECK,Payment 356,external
TXN00357,ACC1013,2024-02-18,125.91,DEBIT,ATM,Payment 357,external
TXN00358,ACC1009,2024-02-23,3055.03,CREDIT,ATM,Payment 358,external
TXN00359,ACC1008,2024-02-08,4271.38,DEBIT,CARD,Payment 359,external
TXN00360,ACC1011,2024-03-16,2454.22,DEBIT,WIRE,Payment 360,external
TXN00361,ACC1010,2024-04-19,1228.58,DEBIT,ATM,Payment 361,external
TXN00362,ACC1023,2024-04-27,4218.18,CREDIT,CHECK,Payment 362,external
TXN00363,ACC1005,2024-04-01,3825.69,CREDIT,CARD,Payment 363,external
TXN00364,ACC1017,2024-01-29,2287.7,DEBIT,CHECK,Payment 364,external
TXN00365,ACC1007,2024-01-31,1453.71,CREDIT,CARD,Payment 365,external
TXN00366,ACC1007,2024-01-27,2055.81,DEBIT,ATM,Payment 366,external
TXN00367,ACC1014,2024-01-21,4304.24,CREDIT,ACH,Payment 367,external
TXN00368,ACC1011,2024-04-05,1687.29,CREDIT,ATM,Payment 368,external
TXN00369,ACC1017,2024-04-02,700.26,DEBIT,ACH,Payment 369,external
TXN00370,ACC1011,2024-04-29,1956.41,CREDIT,ACH,Payment 370,external
TXN00371,ACC1000,2024-02-20,778.28,CREDIT,CHECK,Payment 371,external
TXN00373,ACC1014,2024-04-04,698.61,CREDIT,WIRE,Payment 373,external
TXN00374,ACC1005,2024-03-20,4425.4,CREDIT,ACH,Payment 374,external
TXN00375,ACC1014,2024-01-22,4164.32,CREDIT,CARD,Payment 375,external
TXN00376,ACC1006,2024-03-01,2765.4,CREDIT,CHECK,Payment 376,external
TXN00377,ACC1000,2024-04-29,3266.91,CREDIT,ATM,Payment 377,external
TXN00378,ACC1002,2024-01-12,2587.13,DEBIT,CHECK,Payment 378,external
TXN00379,ACC1008,2024-02-08,4891.95,CREDIT,CARD,Payment 379,external
TXN00380,ACC1005,2024-01-07,2129.64,CREDIT,CHECK,Payment 380,external
TXN00381,ACC1008,2024-04-04,1773.16,DEBIT,ATM,Payment 381,external
TXN00382,ACC1023,2024-02-19,4090.36,CREDIT,WIRE,Payment 382,external
TXN00383,ACC1017,2024-04-06,3746.62,CREDIT,CARD,Payment 383,external
TXN00384,ACC1006,2024-01-18,4466.22,DEBIT,ATM,Payment 384,external
TXN00385,ACC1008,2024-01-19,489.52,CREDIT,CARD,Payment 385,external
TXN00386,ACC1012,2024-01-07,346.92,CREDIT,ACH,Payment 386,external
TXN00387,ACC1021,2024-04-02,2187.22,CREDIT,ACH,Payment 387,external
TXN00388,ACC1018,2024-04-08,3264.77,CREDIT,ACH,Payment 388,external
TXN00389,ACC1001,2024-04-13,742.85,CREDIT,ATM,Payment 389,external
TXN00390,ACC1011,2024-04-08,2723.27,CREDIT,ACH,Payment 390,external
TXN00391,ACC1013,2024-03-29,1978.46,DEBIT,WIRE,Payment 391,external
TXN00392,ACC1005,2024-03-01,3764.12,DEBIT,CHECK,Payment 392,external
TXN00393,ACC1007,2024-02-14,2328.75,CREDIT,WIRE,Payment 393,external
TXN00394,ACC1016,2024-03-31,1049.81,DEBIT,ACH,Payment 394,external
TXN00395,ACC1008,2024-01-22,439.05,CREDIT,ACH,Payment 395,external
TXN00396,ACC1001,2024-02-17,4117.31,DEBIT,ATM,Payment 396,external
TXN00398,ACC1004,2024-04-15,1970.66,DEBIT,ATM,Payment 398,external
TXN00399,ACC1011,2024-01-24,4365.57,DEBIT,WIRE,Payment 399,external
TXN00400,ACC1023,2024-02-04,3283.81,CREDIT,CHECK,Payment 400,external
TXN00401,ACC1018,2024-03-07,2836.44,CREDIT,ATM,Payment 401,external
TXN00402,ACC1011,2024-01-04,3555.56,DEBIT,ACH,Payment 402,external
TXN00403,ACC1009,2024-02-28,3011.78,DEBIT,WIRE,Payment 403,external
TXN00404,ACC1006,2024-03-31,2099.09,CREDIT,ATM,Payment 404,external
TXN00405,ACC1003,2024-02-16,2810.5,DEBIT,WIRE,Payment 405,external
TXN00406,ACC1004,2024-02-07,2614.37,CREDIT,CARD,Payment 406,external
TXN00407,ACC1021,2024-01-08,3386.5,CREDIT,ACH,Payment 407,external
TXN00408,ACC1014,2024-04-17,1069.26,DEBIT,CHECK,Payment 408,external
TXN00409,ACC1020,2024-04-16,868.08,CREDIT,CARD,Payment 409,external
TXN00410,ACC1021,2024-04-22,2385.7,CREDIT,ACH,Payment 410,external
TXN00411,ACC1011,2024-03-11,1083.74,CREDIT,ACH,Payment 411,external
TXN00412,ACC1000,2024-01-26,3400.84,DEBIT,ACH,Payment 412,external
TXN00413,ACC1002,2024-02-20,1042.86,DEBIT,ACH,Payment 413,external
TXN00414,ACC1016,2024-04-13,682.11,CREDIT,WIRE,Payment 414,external
TXN00415,ACC1006,2024-01-07,1810.19,DEBIT,WIRE,Payment 415,external
TXN00416,ACC1023,2024-03-14,1331.39,CREDIT,WIRE,Payment 416,external
TXN00417,ACC1000,2024-04-21,4442.94,DEBIT,ACH,Payment 417,external
TXN00418,ACC1001,2024-01-14,545.94,CREDIT,CHECK,Payment 418,external
TXN00419,ACC1004,2024-04-12,618.63,DEBIT,CHECK,Payment 419,external
TXN00420,ACC1017,2024-03-04,4100.85,CREDIT,ATM,Payment 420,external
TXN00421,ACC1005,2024-02-18,230.43,CREDIT,WIRE,Payment 421,external
TXN00422,ACC1002,2024-03-10,4743.74,DEBIT,ATM,Payment 422,external
TXN00423,ACC1020,2024-04-27,860.0,CREDIT,CARD,Payment 423,external
TXN00424,ACC1007,2024-04-26,2473.42,DEBIT,WIRE,Payment 424,external
TXN00425,ACC1019,2024-03-11,1993.65,CREDIT,ACH,Payment 425,external
TXN00426,ACC1005,2024-01-24,1612.22,DEBIT,ACH,Payment 426,external
TXN00427,ACC1000,2024-03-11,4332.06,DEBIT,WIRE,Payment 427,external
TXN00428,ACC1010,2024-02-21,2049.26,DEBIT,CHECK,Payment 428,external
TXN00429,ACC1020,2024-04-21,4634.58,DEBIT,WIRE,Payment 429,external
TXN00430,ACC1006,2024-02-24,1653.02,DEBIT,CARD,Payment 430,external
TXN00432,ACC1024,2024-02-11,1610.37,CREDIT,WIRE,Payment 432,external
TXN00433,ACC1007,2024-01-20,482.25,DEBIT,CHECK,Payment 433,external
TXN00434,ACC1021,2024-01-26,1951.59,DEBIT,CARD,Payment 434,external
TXN00435,ACC1013,2024-01-31,3780.14,DEBIT,ATM,Payment 435,external
TXN00436,ACC1004,2024-03-12,4638.25,CREDIT,CHECK,Payment 436,external
TXN00437,ACC1016,2024-04-23,272.35,DEBIT,WIRE,Payment 437,external
TXN00439,ACC1023,2024-03-22,202.32,DEBIT,CARD,Payment 439,external
TXN00440,ACC1008,2024-03-30,142.4,CREDIT,ATM,Payment 440,external
TXN00441,ACC1005,2024-02-25,2487.12,CREDIT,ACH,Payment 441,external
TXN00442,ACC1023,2024-02-09,3935.38,DEBIT,ATM,Payment 442,external
TXN00443,ACC1021,2024-03-08,1871.57,CREDIT,WIRE,Payment 443,external
TXN00444,ACC1010,2024-04-02,811.34,CREDIT,CARD,Payment 444,external
TXN00445,ACC1006,2024-04-25,2687.07,CREDIT,ATM,Payment 445,external
TXN00446,ACC1021,2024-01-23,4279.65,DEBIT,CARD,Payment 446,external
TXN00447,ACC1014,2024-02-14,4391.96,CREDIT,ACH,Payment 447,external
TXN00448,ACC1012,2024-02-27,4056.7,CREDIT,CARD,Payment 448,external
TXN00449,ACC1018,2024-03-13,4925.79,DEBIT,CARD,Payment 449,external
TXN00450,ACC1003,2024-02-20,1856.22,CREDIT,ACH,Payment 450,external
TXN00451,ACC1005,2024-04-10,3975.81,CREDIT,WIRE,Payment 451,external
TXN00452,ACC1018,2024-04-14,1525.95,CREDIT,ACH,Payment 452,external
TXN00453,ACC1012,2024-02-25,2607.08,CREDIT,CHECK,Payment 453,external
TXN00454,ACC1015,2024-03-21,825.32,CREDIT,WIRE,Payment 454,external
TXN00455,ACC1003,2024-01-05,3097.39,DEBIT,CARD,Payment 455,external
TXN00456,ACC1023,2024-01-26,2616.03,CREDIT,ACH,Payment 456,external
TXN00457,ACC1012,2024-02-11,950.49,CREDIT,ACH,Payment 457,external
TXN00458,ACC1004,2024-02-18,4737.13,CREDIT,ATM,Payment 458,external
TXN00459,ACC1006,2024-01-10,4872.34,DEBIT,CHECK,Payment 459,external
TXN00460,ACC1022,2024-03-17,4358.33,CREDIT,CARD,Payment 460,external
TXN00461,ACC1009,2024-01-05,2177.85,CREDIT,CARD,Payment 461,external
TXN00462,ACC1011,2024-04-25,4967.78,DEBIT,ACH,Payment 462,external
TXN00463,ACC1013,2024-02-06,3531.93,DEBIT,ATM,Payment 463,external
TXN00464,ACC1007,2024-04-22,235.12,DEBIT,ATM,Payment 464,external
TXN00465,ACC1007,2024-01-08,596.35,CREDIT,ATM,Payment 465,external
TXN00466,ACC1018,2024-03-05,787.23,CREDIT,ATM,Payment 466,external
TXN00467,ACC1017,2024-02-17,2841.57,DEBIT,CARD,Payment 467,external
TXN00468,ACC1004,2024-04-26,324.95,CREDIT,WIRE,Payment 468,external
TXN00469,ACC1012,2024-02-04,954.92,CREDIT,ATM,Payment 469,external
TXN00470,ACC1016,2024-04-14,480.49,CREDIT,CHECK,Payment 470,external
TXN00471,ACC1003,2024-04-27,4151.8,DEBIT,ATM,Payment 471,external
TXN00472,ACC1015,2024-01-16,4717.48,DEBIT,CHECK,Payment 472,external
TXN00473,ACC1009,2024-03-06,2732.92,DEBIT,ATM,Payment 473,external
TXN00474,ACC1010,2024-03-25,4859.3,DEBIT,CARD,Payment 474,external
TXN00475,ACC1021,2024-02-16,2287.46,CREDIT,WIRE,Payment 475,external
TXN00476,ACC1002,2024-01-11,1974.83,DEBIT,ACH,Payment 476,external
TXN00477,ACC1018,2024-02-23,3901.55,CREDIT,ATM,Payment 477,external
TXN00478,ACC1002,2024-01-05,3064.98,CREDIT,ACH,Payment 478,external
TXN00479,ACC1007,2024-04-27,1037.04,DEBIT,WIRE,Payment 479,external
TXN00480,ACC1016,2024-04-22,2583.62,DEBIT,ATM,Payment 480,external
TXN00481,ACC1014,2024-01-06,1189.44,CREDIT,ACH,Payment 481,external
TXN00482,ACC1003,2024-01-24,326.01,CREDIT,CARD,Payment 482,external
TXN00483,ACC1006,2024-03-05,4563.12,DEBIT,CHECK,Payment 483,external
TXN00484,ACC1012,2024-04-06,1017.32,DEBIT,CHECK,Payment 484,external
TXN00485,ACC1015,2024-04-23,4322.04,CREDIT,WIRE,Payment 485,external
TXN00486,ACC1011,2024-01-28,461.99,CREDIT,CARD,Payment 486,external
TXN00487,ACC1021,2024-02-15,4729.01,CREDIT,CHECK,Payment 487,external
TXN00488,ACC1010,2024-01-22,2706.98,DEBIT,WIRE,Payment 488,external
TXN00489,ACC1004,2024-03-21,3269.43,CREDIT,CARD,Payment 489,external
TXN00490,ACC1019,2024-03-27,1150.94,DEBIT,ACH,Payment 490,external
TXN00491,ACC1019,2024-01-23,4683.98,DEBIT,ACH,Payment 491,external
TXN00492,ACC1013,2024-03-03,2493.26,CREDIT,CARD,Payment 492,external
TXN00493,ACC1006,2024-04-29,2188.97,CREDIT,CARD,Payment 493,external
TXN00494,ACC1023,2024-02-20,2394.95,DEBIT,ACH,Payment 494,external
TXN00495,ACC1006,2024-01-28,2968.85,DEBIT,CHECK,Payment 495,external
TXN00496,ACC1014,2024-04-27,263.66,CREDIT,CARD,Payment 496,external
TXN00497,ACC1007,2024-02-27,4484.81,DEBIT,ACH,Payment 497,external
TXN00498,ACC1017,2024-03-18,4112.85,DEBIT,CHECK,Payment 498,external
TXN00499,ACC1011,2024-03-17,2146.57,CREDIT,ATM,Payment 499,external
TXN00500,ACC1007,2024-02-11,3159.02,CREDIT,CHECK,Payment 500,external
TXN00501,ACC1023,2024-04-25,3362.55,DEBIT,WIRE,Payment 501,external
TXN00502,ACC1015,2024-04-07,2131.16,CREDIT,CARD,Payment 502,external
TXN00503,ACC1012,2024-02-25,3685.5,DEBIT,WIRE,Payment 503,external
TXN00504,ACC1008,2024-01-16,3728.57,CREDIT,ACH,Payment 504,external
TXN00505,ACC1002,2024-03-30,3137.86,CREDIT,ATM,Payment 505,external
TXN00506,ACC1014,2024-01-14,1370.21,CREDIT,ATM,Payment 506,external
TXN00507,ACC1007,2024-01-24,780.57,CREDIT,WIRE,Payment 507,external
TXN00508,ACC1004,2024-04-15,2651.66,DEBIT,CHECK,Payment 508,external
TXN00509,ACC1020,2024-01-22,3543.71,DEBIT,WIRE,Payment 509,external
TXN00510,ACC1020,2024-01-18,2416.26,CREDIT,WIRE,Payment 510,external
TXN00512,ACC1003,2024-01-09,3528.09,CREDIT,CARD,Payment 512,external
TXN00513,ACC1014,2024-03-30,3913.23,CREDIT,ATM,Payment 513,external
TXN00514,ACC1010,2024-04-08,2246.72,CREDIT,WIRE,Payment 514,external
TXN00515,ACC1004,2024-01-22,1810.44,CREDIT,CARD,Payment 515,external
TXN00516,ACC1017,2024-01-29,1966.38,DEBIT,CHECK,Payment 516,external
TXN00517,ACC1004,2024-02-02,1576.1,CREDIT,ACH,Payment 517,external
TXN00518,ACC1017,2024-02-06,2199.72,DEBIT,WIRE,Payment 518,external
TXN00519,ACC1013,2024-04-01,1187.63,CREDIT,ATM,Payment 519,external
TXN00520,ACC1015,2024-03-18,2494.68,CREDIT,ATM,Payment 520,external
TXN00521,ACC1011,2024-03-14,4994.16,CREDIT,ATM,Payment 521,external
TXN00523,ACC1017,2024-01-02,414.96,DEBIT,CARD,Payment 523,external
TXN00524,ACC1012,2024-02-18,2476.63,CREDIT,CARD,Payment 524,external
TXN00525,ACC1016,2024-04-10,2765.29,DEBIT,ACH,Payment 525,external
TXN00526,ACC1004,2024-04-05,1133.64,CREDIT,ATM,Payment 526,external
TXN00527,ACC1016,2024-04-14,4974.17,CREDIT,ATM,Payment 527,external
TXN00528,ACC1003,2024-02-18,1578.6,DEBIT,WIRE,Payment 528,external
TXN00529,ACC1015,2024-04-22,3035.43,CREDIT,WIRE,Payment 529,external
TXN00530,ACC1015,2024-02-05,2814.38,CREDIT,ACH,Payment 530,external
TXN00531,ACC1018,2024-01-07,983.98,DEBIT,ATM,Payment 531,external
TXN00532,ACC1001,2024-04-10,2020.37,CREDIT,CHECK,Payment 532,external
TXN00533,ACC1018,2024-01-22,967.69,CREDIT,ATM,Payment 533,external
TXN00534,ACC1023,2024-04-19,1330.91,DEBIT,ACH,Payment 534,external
TXN00535,ACC1024,2024-04-07,3391.77,CREDIT,WIRE,Payment 535,external
TXN00536,ACC1008,2024-04-25,1383.84,DEBIT,WIRE,Payment 536,external
TXN00537,ACC1024,2024-02-21,2155.49,DEBIT,WIRE,Payment 537,external
TXN00539,ACC1021,2024-01-26,4177.28,DEBIT,ACH,Payment 539,external
TXN00540,ACC1009,2024-04-29,2860.13,DEBIT,ACH,Payment 540,external
TXN00542,ACC1003,2024-02-17,454.32,CREDIT,CHECK,Payment 542,external
TXN00543,ACC1005,2024-01-23,1864.0,CREDIT,ACH,Payment 543,external
TXN00544,ACC1010,2024-02-27,2056.14,DEBIT,ATM,Payment 544,external
TXN00545,ACC1018,2024-03-23,3214.84,CREDIT,ATM,Payment 545,external
TXN00546,ACC1016,2024-02-18,2065.1,CREDIT,ATM,Payment 546,external
TXN00547,ACC1024,2024-03-28,1236.92,CREDIT,CHECK,Payment 547,external
TXN00548,ACC1010,2024-02-26,497.96,CREDIT,WIRE,Payment 548,external
TXN00549,ACC1010,2024-02-25,935.02,CREDIT,WIRE,Payment 549,external
TXN00550,ACC1005,2024-04-18,3982.34,DEBIT,ATM,Payment 550,external
TXN00551,ACC1015,2024-02-02,1337.49,CREDIT,WIRE,Payment 551,external
TXN00552,ACC1000,2024-04-23,683.84,DEBIT,CARD,Payment 552,external
TXN00553,ACC1010,2024-04-11,1131.2,DEBIT,WIRE,Payment 553,external
TXN00554,ACC1002,2024-01-20,185.23,DEBIT,CHECK,Payment 554,external
TXN00555,ACC1004,2024-01-26,3916.7,CREDIT,ATM,Payment 555,external
TXN00556,ACC1006,2024-04-11,4256.48,CREDIT,WIRE,Payment 556,external
TXN00557,ACC1021,2024-04-14,262.17,DEBIT,WIRE,Payment 557,external
TXN00558,ACC1013,2024-04-01,3098.39,DEBIT,ACH,Payment 558,external
TXN00560,ACC1001,2024-04-15,2211.7,CREDIT,CARD,Payment 560,external
TXN00561,ACC1001,2024-04-08,3726.41,CREDIT,CHECK,Payment 561,external
TXN00562,ACC1010,2024-01-15,1446.4,DEBIT,WIRE,Payment 562,external
TXN00563,ACC1016,2024-03-01,2519.35,DEBIT,CARD,Payment 563,external
TXN00564,ACC1020,2024-04-04,1976.1,DEBIT,ATM,Payment 564,external
TXN00565,ACC1019,2024-03-29,1241.16,CREDIT,CHECK,Payment 565,external
TXN00567,ACC1000,2024-03-27,4803.53,DEBIT,ATM,Payment 567,external
TXN00568,ACC1009,2024-02-12,4921.08,CREDIT,CHECK,Payment 568,external
TXN00569,ACC1001,2024-04-28,2374.92,CREDIT,ACH,Payment 569,external
TXN00570,ACC1015,2024-04-15,2054.03,CREDIT,WIRE,Payment 570,external
TXN00571,ACC1015,2024-02-15,3941.09,DEBIT,ATM,Payment 571,external
TXN00572,ACC1019,2024-02-06,4418.81,CREDIT,CHECK,Payment 572,external
TXN00573,ACC1005,2024-03-13,1690.91,CREDIT,CHECK,Payment 573,external
TXN00574,ACC1023,2024-01-03,4149.68,CREDIT,WIRE,Payment 574,external
TXN00575,ACC1008,2024-03-08,3562.47,DEBIT,CARD,Payment 575,external
TXN00576,ACC1011,2024-02-11,285.5,DEBIT,ATM,Payment 576,external
TXN00577,ACC1021,2024-02-17,164.16,CREDIT,ATM,Payment 577,external
TXN00578,ACC1008,2024-03-30,263.89,DEBIT,WIRE,Payment 578,external
TXN00579,ACC1005,2024-03-30,4334.38,DEBIT,ATM,Payment 579,external
TXN00580,ACC1013,2024-03-04,1087.46,CREDIT,CHECK,Payment 580,external
TXN00581,ACC1019,2024-01-28,1236.04,CREDIT,ACH,Payment 581,external
TXN00582,ACC1011,2024-03-26,4792.99,CREDIT,CHECK,Payment 582,external
TXN00583,ACC1023,2024-03-04,3722.53,CREDIT,CARD,Payment 583,external
TXN00584,ACC1001,2024-03-17,2253.17,CREDIT,WIRE,Payment 584,external
TXN00585,ACC1020,2024-04-07,4441.41,CREDIT,WIRE,Payment 585,external
TXN00586,ACC1003,2024-01-17,2897.26,CREDIT,ATM,Payment 586,external
TXN00587,ACC1016,2024-04-20,4515.43,DEBIT,WIRE,Payment 587,external
TXN00588,ACC1007,2024-01-26,853.98,CREDIT,ACH,Payment 588,external
TXN00589,ACC1009,2024-01-09,609.35,CREDIT,ATM,Payment 589,external
TXN00590,ACC1000,2024-01-16,379.55,DEBIT,ATM,Payment 590,external
TXN00591,ACC1002,2024-04-02,2905.4,CREDIT,CHECK,Payment 591,external
TXN00592,ACC1007,2024-03-17,4412.05,CREDIT,CARD,Payment 592,external
TXN00593,ACC1010,2024-02-23,3566.62,DEBIT,WIRE,Payment 593,external
TXN00594,ACC1001,2024-01-21,2343.59,CREDIT,CHECK,Payment 594,external
TXN00595,ACC1010,2024-01-19,1310.91,DEBIT,WIRE,Payment 595,external
TXN00596,ACC1017,2024-02-09,4211.93,DEBIT,CHECK,Payment 596,external
TXN00597,ACC1022,2024-01-10,4283.48,DEBIT,CHECK,Payment 597,external
TXN00598,ACC1018,2024-01-26,1545.25,CREDIT,CHECK,Payment 598,external
TXN00599,ACC1002,2024-02-05,4549.89,DEBIT,CARD,Payment 599,external
TXN00600,ACC1008,2024-03-07,1456.27,CREDIT,CHECK,Payment 600,external
TXN00601,ACC1003,2024-03-15,3055.57,DEBIT,ACH,Payment 601,external
TXN00602,ACC1015,2024-03-21,3470.77,DEBIT,CHECK,Payment 602,external
TXN00603,ACC1018,2024-02-23,379.61,CREDIT,CARD,Payment 603,external
TXN00604,ACC1024,2024-01-27,442.69,CREDIT,CARD,Payment 604,external
TXN00605,ACC1019,2024-01-29,3717.1,DEBIT,ATM,Payment 605,external
TXN00606,ACC1000,2024-04-01,2733.53,DEBIT,CARD,Payment 606,external
TXN00607,ACC1002,2024-03-15,2500.98,DEBIT,ATM,Payment 607,external
TXN00608,ACC1023,2024-03-04,2464.14,DEBIT,CHECK,Payment 608,external
TXN00609,ACC1003,2024-01-09,3690.2,CREDIT,CARD,Payment 609,external
TXN00610,ACC1012,2024-04-20,2413.14,CREDIT,CARD,Payment 610,external
TXN00611,ACC1024,2024-04-25,2346.92,DEBIT,CARD,Payment 611,external
TXN00612,ACC1010,2024-01-27,912.61,CREDIT,ACH,Payment 612,external
TXN00613,ACC1016,2024-02-21,12.83,CREDIT,CHECK,Payment 613,external
TXN00614,ACC1017,2024-01-04,3670.0,CREDIT,CARD,Payment 614,external
TXN00615,ACC1002,2024-04-22,779.87,DEBIT,ACH,Payment 615,external
TXN00616,ACC1004,2024-02-09,3149.22,CREDIT,CHECK,Payment 616,external
TXN00617,ACC1007,2024-04-01,2067.17,CREDIT,WIRE,Payment 617,external
TXN00618,ACC1023,2024-03-01,4529.9,CREDIT,CHECK,Payment 618,external
TXN00619,ACC1008,2024-04-29,4250.15,DEBIT,WIRE,Payment 619,external
TXN00620,ACC1008,2024-01-31,1441.59,DEBIT,WIRE,Payment 620,external
TXN00621,ACC1018,2024-04-29,2916.4,CREDIT,ATM,Payment 621,external
TXN00622,ACC1008,2024-03-17,2638.6,DEBIT,ATM,Payment 622,external
TXN00623,ACC1008,2024-01-25,4665.34,CREDIT,CARD,Payment 623,external
TXN00624,ACC1005,2024-02-06,4165.86,DEBIT,CARD,Payment 624,external
TXN00625,ACC1011,2024-04-28,4928.25,DEBIT,ATM,Payment 625,external
TXN00626,ACC1024,2024-02-02,3994.26,CREDIT,WIRE,Payment 626,external
TXN00627,ACC1002,2024-03-08,2740.94,CREDIT,CARD,Payment 627,external
TXN00628,ACC1010,2024-02-18,3186.98,DEBIT,CHECK,Payment 628,external
TXN00629,ACC1010,2024-02-09,1674.41,DEBIT,ACH,Payment 629,external
TXN00630,ACC1013,2024-04-12,951.67,DEBIT,CARD,Payment 630,external
TXN00631,ACC1002,2024-04-01,1147.06,DEBIT,CARD,Payment 631,external
TXN00632,ACC1024,2024-02-07,115.57,CREDIT,ACH,Payment 632,external
TXN00633,ACC1022,2024-02-03,3282.81,DEBIT,ACH,Payment 633,external
TXN00634,ACC1023,2024-03-10,284.13,DEBIT,ACH,Payment 634,external
TXN00635,ACC1002,2024-01-19,4245.47,DEBIT,CHECK,Payment 635,external
TXN00636,ACC1016,2024-02-23,2228.99,CREDIT,ACH,Payment 636,external
TXN00637,ACC1015,2024-04-17,4015.73,CREDIT,ACH,Payment 637,external
TXN00638,ACC1014,2024-04-18,915.73,CREDIT,CARD,Payment 638,external
TXN00639,ACC1022,2024-01-25,758.7,DEBIT,CHECK,Payment 639,external
TXN00640,ACC1004,2024-03-12,3626.84,DEBIT,ATM,Payment 640,external
TXN00641,ACC1013,2024-02-06,2475.38,DEBIT,CARD,Payment 641,external
TXN00644,ACC1013,2024-03-18,2201.5,CREDIT,CHECK,Payment 644,external
TXN00645,ACC1013,2024-04-07,3883.78,CREDIT,CHECK,Payment 645,external
TXN00646,ACC1021,2024-02-27,522.96,DEBIT,CHECK,Payment 646,external
TXN00647,ACC1004,2024-01-06,1235.37,DEBIT,WIRE,Payment 647,external
TXN00648,ACC1004,2024-02-19,2279.92,CREDIT,ACH,Payment 648,external
TXN00649,ACC1014,2024-04-21,4123.83,CREDIT,WIRE,Payment 649,external
TXN00650,ACC1013,2024-01-03,4648.57,CREDIT,ATM,Payment 650,external
TXN00651,ACC1012,2024-01-02,4760.12,DEBIT,CHECK,Payment 651,external
TXN00652,ACC1004,2024-04-18,4840.91,CREDIT,ATM,Payment 652,external
TXN00653,ACC1019,2024-01-10,2756.11,CREDIT,ATM,Payment 653,external
TXN00654,ACC1023,2024-03-14,3073.0,CREDIT,CARD,Payment 654,external
TXN00655,ACC1012,2024-01-19,2863.49,DEBIT,CHECK,Payment 655,external
TXN00656,ACC1017,2024-03-28,384.34,CREDIT,ATM,Payment 656,external
TXN00657,ACC1018,2024-03-02,2367.62,DEBIT,WIRE,Payment 657,external
TXN00658,ACC1003,2024-03-28,4847.6,CREDIT,WIRE,Payment 658,external
TXN00659,ACC1009,2024-01-27,882.29,DEBIT,CARD,Payment 659,external
TXN00660,ACC1013,2024-03-29,4713.42,CREDIT,WIRE,Payment 660,external
TXN00661,ACC1016,2024-02-15,4299.21,CREDIT,ATM,Payment 661,external
TXN00662,ACC1014,2024-03-15,1216.08,CREDIT,ATM,Payment 662,external
TXN00663,ACC1002,2024-03-24,1296.89,DEBIT,ATM,Payment 663,external
TXN00664,ACC1011,2024-01-11,761.49,DEBIT,CHECK,Payment 664,external
TXN00665,ACC1007,2024-01-09,1705.28,CREDIT,CARD,Payment 665,external
TXN00666,ACC1003,2024-02-04,3771.32,DEBIT,WIRE,Payment 666,external
TXN00668,ACC1020,2024-04-24,2237.48,CREDIT,CHECK,Payment 668,external
TXN00669,ACC1008,2024-04-16,588.34,DEBIT,CARD,Payment 669,external
TXN00670,ACC1006,2024-01-19,716.78,CREDIT,CHECK,Payment 670,external
TXN00671,ACC1013,2024-02-04,246.39,CREDIT,ACH,Payment 671,external
TXN00672,ACC1017,2024-02-19,2210.98,DEBIT,CARD,Payment 672,external
TXN00673,ACC1010,2024-01-04,1405.39,DEBIT,CHECK,Payment 673,external
TXN00674,ACC1008,2024-03-19,1874.85,DEBIT,ACH,Payment 674,external
TXN00675,ACC1011,2024-01-30,78.75,CREDIT,CARD,Payment 675,external
TXN00676,ACC1019,2024-04-07,1976.42,CREDIT,WIRE,Payment 676,external
TXN00678,ACC1018,2024-02-11,2580.52,DEBIT,CARD,Payment 678,external
TXN00679,ACC1002,2024-04-03,510.43,DEBIT,ATM,Payment 679,external
TXN00680,ACC1024,2024-03-13,121.12,CREDIT,CHECK,Payment 680,external
TXN00681,ACC1019,2024-04-04,1431.19,DEBIT,CHECK,Payment 681,external
TXN00682,ACC1024,2024-04-27,4646.52,DEBIT,ACH,Payment 682,external
TXN00683,ACC1023,2024-03-06,2230.24,DEBIT,ACH,Payment 683,external
TXN00684,ACC1002,2024-04-28,1688.07,CREDIT,ACH,Payment 684,external
TXN00685,ACC1002,2024-04-11,2268.01,DEBIT,WIRE,Payment 685,external
TXN00686,ACC1003,2024-04-27,2404.19,CREDIT,CARD,Payment 686,external
TXN00687,ACC1005,2024-01-07,663.3,DEBIT,ATM,Payment 687,external
TXN00688,ACC1019,2024-03-01,1336.39,CREDIT,ACH,Payment 688,external
TXN00689,ACC1000,2024-04-21,2124.04,DEBIT,CARD,Payment 689,external
TXN00690,ACC1024,2024-02-01,4855.96,DEBIT,CARD,Payment 690,external
TXN00691,ACC1004,2024-02-23,4299.06,CREDIT,WIRE,Payment 691,external
TXN00692,ACC1021,2024-02-16,4278.82,CREDIT,CARD,Payment 692,external
TXN00693,ACC1005,2024-01-23,4882.87,DEBIT,WIRE,Payment 693,external
TXN00694,ACC1010,2024-02-17,165.04,DEBIT,WIRE,Payment 694,external
TXN00695,ACC1011,2024-01-22,3403.37,DEBIT,CHECK,Payment 695,external
TXN00696,ACC1012,2024-02-12,1324.74,CREDIT,WIRE,Payment 696,external
TXN00697,ACC1011,2024-02-25,3586.59,DEBIT,WIRE,Payment 697,external
TXN00698,ACC1001,2024-03-09,4264.59,CREDIT,WIRE,Payment 698,external
TXN00699,ACC1010,2024-02-11,4501.46,DEBIT,ACH,Payment 699,external
TXN00700,ACC1013,2024-01-15,2478.06,DEBIT,WIRE,Payment 700,external
TXN00701,ACC1008,2024-01-16,3738.08,CREDIT,ATM,Payment 701,external
TXN00702,ACC1005,2024-03-13,4685.17,CREDIT,CHECK,Payment 702,external
TXN00703,ACC1017,2024-04-29,3570.8,CREDIT,WIRE,Payment 703,external
TXN00705,ACC1011,2024-03-14,897.78,CREDIT,ACH,Payment 705,external
TXN00706,ACC1015,2024-02-01,4639.07,CREDIT,ACH,Payment 706,external
TXN00707,ACC1018,2024-01-29,550.16,CREDIT,WIRE,Payment 707,external
TXN00708,ACC1008,2024-02-03,173.72,CREDIT,ACH,Payment 708,external
TXN00710,ACC1008,2024-01-11,1646.34,DEBIT,ACH,Payment 710,external
TXN00711,ACC1007,2024-03-31,1018.55,DEBIT,ATM,Payment 711,external
TXN00712,ACC1001,2024-03-01,4643.35,DEBIT,CARD,Payment 712,external
TXN00713,ACC1000,2024-04-02,1579.76,CREDIT,CHECK,Payment 713,external
TXN00714,ACC1011,2024-04-17,4222.92,CREDIT,CARD,Payment 714,external
TXN00715,ACC1017,2024-04-06,3836.71,DEBIT,WIRE,Payment 715,external
TXN00716,ACC1012,2024-01-12,4646.92,DEBIT,ATM,Payment 716,external
TXN00717,ACC1000,2024-01-12,3837.97,CREDIT,CHECK,Payment 717,external
TXN00718,ACC1016,2024-04-02,180.56,DEBIT,CHECK,Payment 718,external
TXN00719,ACC1012,2024-04-12,3016.03,CREDIT,ACH,Payment 719,external
TXN00720,ACC1024,2024-02-19,1386.86,DEBIT,ACH,Payment 720,external
TXN00721,ACC1011,2024-02-01,2246.6,DEBIT,WIRE,Payment 721,external
TXN00722,ACC1001,2024-04-15,2131.26,CREDIT,WIRE,Payment 722,external
TXN00723,ACC1022,2024-02-21,4469.78,DEBIT,WIRE,Payment 723,external
TXN00724,ACC1001,2024-02-20,2517.54,CREDIT,WIRE,Payment 724,external
TXN00725,ACC1001,2024-01-19,2518.37,DEBIT,WIRE,Payment 725,external
TXN00726,ACC1013,2024-02-19,2833.29,CREDIT,ATM,Payment 726,external
TXN00727,ACC1016,2024-04-26,1291.04,CREDIT,CHECK,Payment 727,external
TXN00728,ACC1014,2024-04-10,4838.29,CREDIT,ACH,Payment 728,external
TXN00729,ACC1013,2024-01-21,2637.04,CREDIT,ATM,Payment 729,external
TXN00730,ACC1007,2024-02-01,2924.97,CREDIT,ATM,Payment 730,external
TXN00731,ACC1008,2024-03-08,584.78,CREDIT,CHECK,Payment 731,external
TXN00733,ACC1012,2024-03-02,332.12,CREDIT,WIRE,Payment 733,external
TXN00734,ACC1009,2024-01-15,3317.99,CREDIT,ATM,Payment 734,external
TXN00735,ACC1006,2024-01-23,4474.7,CREDIT,WIRE,Payment 735,external
TXN00737,ACC1017,2024-01-13,789.89,DEBIT,ATM,Payment 737,external
TXN00738,ACC1007,2024-04-14,2282.21,CREDIT,CARD,Payment 738,external
TXN00739,ACC1023,2024-01-11,4612.56,DEBIT,ACH,Payment 739,external
TXN00740,ACC1016,2024-04-23,4648.86,CREDIT,WIRE,Payment 740,external
TXN00741,ACC1017,2024-02-24,1782.27,DEBIT,CARD,Payment 741,external
TXN00743,ACC1015,2024-01-09,3529.31,DEBIT,ACH,Payment 743,external
TXN00744,ACC1002,2024-02-10,3272.12,DEBIT,CHECK,Payment 744,external
TXN00745,ACC1019,2024-04-23,479.17,DEBIT,CHECK,Payment 745,external
TXN00746,ACC1012,2024-01-17,4382.57,DEBIT,WIRE,Payment 746,external
TXN00747,ACC1021,2024-03-05,1848.04,CREDIT,WIRE,Payment 747,external
TXN00748,ACC1011,2024-02-14,312.55,DEBIT,WIRE,Payment 748,external
TXN00749,ACC1004,2024-01-24,1935.75,DEBIT,WIRE,Payment 749,external
TXN00750,ACC1008,2024-02-16,3138.49,CREDIT,WIRE,Payment 750,external
TXN00751,ACC1024,2024-04-02,2674.19,CREDIT,WIRE,Payment 751,external
TXN00752,ACC1006,2024-04-25,2941.72,CREDIT,CARD,Payment 752,external
TXN00753,ACC1022,2024-04-05,4549.89,CREDIT,ACH,Payment 753,external
TXN00754,ACC1024,2024-03-24,2151.2,DEBIT,ATM,Payment 754,external
TXN00755,ACC1000,2024-01-12,2297.3,CREDIT,CARD,Payment 755,external
TXN00756,ACC1017,2024-03-31,641.55,CREDIT,CARD,Payment 756,external
TXN00758,ACC1011,2024-03-31,3066.07,DEBIT,ATM,Payment 758,external
TXN00759,ACC1001,2024-01-05,4346.58,CREDIT,CARD,Payment 759,external
TXN00760,ACC1003,2024-04-13,1089.18,DEBIT,CHECK,Payment 760,external
TXN00761,ACC1000,2024-01-23,2106.91,DEBIT,WIRE,Payment 761,external
TXN00762,ACC1007,2024-01-25,3521.85,DEBIT,ACH,Payment 762,external
TXN00763,ACC1017,2024-04-01,4441.26,CREDIT,ACH,Payment 763,external
TXN00764,ACC1004,2024-04-26,1468.63,CREDIT,CHECK,Payment 764,external
TXN00766,ACC1001,2024-03-28,207.22,DEBIT,ACH,Payment 766,external
TXN00767,ACC1023,2024-03-28,34.24,DEBIT,ATM,Payment 767,external
TXN00768,ACC1005,2024-02-26,3784.95,CREDIT,CARD,Payment 768,external
TXN00769,ACC1002,2024-02-08,2186.32,DEBIT,CARD,Payment 769,external
TXN00770,ACC1007,2024-03-12,2161.44,DEBIT,ATM,Payment 770,external
TXN00771,ACC1020,2024-01-10,4975.1,CREDIT,WIRE,Payment 771,external
TXN00772,ACC1019,2024-02-12,911.72,CREDIT,WIRE,Payment 772,external
TXN00773,ACC1002,2024-04-01,880.94,DEBIT,CARD,Payment 773,external
TXN00774,ACC1021,2024-01-04,4597.04,DEBIT,ACH,Payment 774,external
TXN00775,ACC1018,2024-01-10,2022.34,CREDIT,WIRE,Payment 775,external
TXN00776,ACC1008,2024-01-26,4930.29,CREDIT,ACH,Payment 776,external
TXN00777,ACC1010,2024-02-29,2872.47,DEBIT,CARD,Payment 777,external
TXN00778,ACC1007,2024-04-09,1889.91,CREDIT,ACH,Payment 778,external
TXN00779,ACC1002,2024-03-23,2147.68,CREDIT,ATM,Payment 779,external
TXN00780,ACC1013,2024-03-09,1854.16,DEBIT,ACH,Payment 780,external
TXN00781,ACC1017,2024-01-09,859.89,DEBIT,CHECK,Payment 781,external
TXN00782,ACC1000,2024-03-27,1447.42,CREDIT,ACH,Payment 782,external
TXN00783,ACC1017,2024-04-10,4314.11,CREDIT,ACH,Payment 783,external
TXN00784,ACC1022,2024-01-07,128.54,DEBIT,ATM,Payment 784,external
TXN00785,ACC1011,2024-03-06,1181.17,DEBIT,CARD,Payment 785,external
TXN00786,ACC1022,2024-02-28,3963.07,CREDIT,CARD,Payment 786,external
TXN00787,ACC1010,2024-01-19,4945.57,DEBIT,ATM,Payment 787,external
TXN00788,ACC1007,2024-02-27,268.23,CREDIT,ATM,Payment 788,external
TXN00789,ACC1022,2024-03-23,3329.42,DEBIT,WIRE,Payment 789,external
TXN00790,ACC1001,2024-02-13,2098.69,CREDIT,CARD,Payment 790,external
TXN00791,ACC1010,2024-02-09,2316.52,DEBIT,WIRE,Payment 791,external
TXN00792,ACC1021,2024-02-13,1261.76,CREDIT,ACH,Payment 792,external
TXN00793,ACC1005,2024-03-13,4361.8,DEBIT,ACH,Payment 793,external
TXN00794,ACC1024,2024-04-11,3472.36,CREDIT,WIRE,Payment 794,external
TXN00795,ACC1014,2024-01-02,761.5,CREDIT,ACH,Payment 795,external
TXN00796,ACC1004,2024-04-28,3813.63,CREDIT,ACH,Payment 796,external
TXN00797,ACC1002,2024-01-09,3742.87,DEBIT,CARD,Payment 797,external
TXN00798,ACC1021,2024-02-13,3782.82,DEBIT,ACH,Payment 798,external
TXN00799,ACC1004,2024-04-28,2979.99,DEBIT,WIRE,Payment 799,external
TXN00800,ACC1012,2024-01-15,955.56,CREDIT,CARD,Payment 800,external
EXT00001,ACC1021,2024-02-16,4025.77,DEBIT,WIRE,External-only settlement,external
EXT00002,ACC1013,2024-03-16,3728.49,CREDIT,ATM,External-only settlement,external
EXT00003,ACC1003,2024-02-17,454.32,CREDIT,CHECK,External-only settlement,external
EXT00004,ACC1012,2024-02-27,4056.7,CREDIT,CARD,External-only settlement,external
EXT00005,ACC1019,2024-03-16,2668.28,CREDIT,WIRE,External-only settlement,external
EXT00006,ACC1001,2024-04-15,2131.26,CREDIT,WIRE,External-only settlement,external
EXT00007,ACC1001,2024-03-30,1576.33,DEBIT,ACH,External-only settlement,external
EXT00008,ACC1000,2024-04-21,2124.04,DEBIT,CARD,External-only settlement,external
EXT00009,ACC1016,2024-02-26,3345.33,DEBIT,CARD,External-only settlement,external
EXT00010,ACC1018,2024-01-07,1373.2,CREDIT,CARD,External-only settlement,external
EXT00011,ACC1005,2024-03-11,2850.37,DEBIT,ATM,External-only settlement,external
EXT00012,ACC1003,2024-04-22,3906.38,CREDIT,CHECK,External-only settlement,external
EXT00013,ACC1007,2024-01-27,2055.81,DEBIT,ATM,External-only settlement,external
EXT00014,ACC1015,2024-03-21,3470.77,DEBIT,CHECK,External-only settlement,external
EXT00015,ACC1000,2024-01-26,3400.84,DEBIT,ACH,External-only settlement,external
EXT00016,ACC1008,2024-03-30,142.4,CREDIT,ATM,External-only settlement,external
EXT00017,ACC1018,2024-03-29,4328.63,CREDIT,ATM,External-only settlement,external
EXT00018,ACC1005,2024-03-30,4334.38,DEBIT,ATM,External-only settlement,external
EXT00019,ACC1003,2024-04-20,1970.71,DEBIT,WIRE,External-only settlement,external
EXT00020,ACC1018,2024-01-22,967.69,CREDIT,ATM,External-only settlement,external
EXT00021,ACC1009,2024-03-12,904.55,DEBIT,ATM,External-only settlement,external
EXT00022,ACC1011,2024-02-26,2174.56,DEBIT,ACH,External-only settlement,external
EXT00023,ACC1021,2024-02-27,2197.55,DEBIT,ATM,External-only settlement,external
EXT00024,ACC1003,2024-02-20,4917.25,DEBIT,CARD,External-only settlement,external
EXT00025,ACC1002,2024-02-13,680.49,CREDIT,ACH,External-only settlement,external
EDUP00001,ACC1000,2024-01-26,3400.84,DEBIT,ACH,Payment 412,external
EDUP00002,ACC1018,2024-02-10,4374.13,DEBIT,CARD,Payment 317,external
EDUP00003,ACC1016,2024-04-29,541.03,CREDIT,CHECK,Payment 137,external
EDUP00004,ACC1005,2024-04-18,3982.34,DEBIT,ATM,Payment 550,external
EDUP00005,ACC1021,2024-02-15,4729.01,CREDIT,CHECK,Payment 487,external
EDUP00006,ACC1003,2024-02-20,1856.22,CREDIT,ACH,Payment 450,external
EDUP00007,ACC1012,2024-01-17,4382.57,DEBIT,WIRE,Payment 746,external
EDUP00008,ACC1012,2024-04-06,1017.32,DEBIT,CHECK,Payment 484,external
EDUP00009,ACC1024,2024-02-02,3994.26,CREDIT,WIRE,Payment 626,external
EDUP00010,ACC1012,2024-01-07,346.92,CREDIT,ACH,Payment 386,external
EDUP00011,ACC1021,2024-02-27,2197.55,DEBIT,ATM,External-only settlement,external
EDUP00012,ACC1021,2024-02-16,2287.46,CREDIT,WIRE,Payment 475,external
EDUP00013,ACC1021,2024-03-26,2309.24,CREDIT,ACH,Payment 254,external
EDUP00014,ACC1003,2024-02-17,454.32,CREDIT,CHECK,External-only settlement,external
EDUP00015,ACC1008,2024-01-16,3738.08,CREDIT,ATM,Payment 701,external
